epoch,step,loss,t_cap,u_cap,align,backend,finite
0,0,35.58775329589844,112,16,1792,ctc,1
0,1,6.924892902374268,95,32,3040,ctc,1
0,2,5.9242448806762695,134,34,4556,ctc,1
0,3,4.816372871398926,117,17,1989,ctc,1
