epoch,step,loss,t_cap,u_cap,align,backend,finite
0,0,363.952880859375,125,30,3750,cpu_grad,1
0,1,225.6370849609375,142,29,4118,cpu_grad,1
0,2,211.90638732910156,147,38,5586,cpu_grad,1
0,3,129.17189025878906,137,38,5206,cpu_grad,1
