epoch,step,loss,t_cap,u_cap,align,backend,finite
0,0,468.6036376953125,140,36,5040,cpu_grad,1
0,1,352.0765380859375,141,32,4512,cpu_grad,1
0,2,180.223876953125,94,34,3196,cpu_grad,1
0,3,129.2770538330078,100,39,3900,cpu_grad,1
