epoch,step,loss,t_cap,u_cap,align,backend,finite
0,0,375.1885986328125,114,12,1368,cpu_grad,1
0,1,255.50027465820312,126,29,3654,cpu_grad,1
0,2,150.71237182617188,122,40,4880,cpu_grad,1
0,3,76.05436706542969,111,28,3108,cpu_grad,1
